{"Brake_P": [0, 0, 0, 0, 0, 0, 0, 0, 0, 0, 0, 0, 0, 0, 0, 0, 0, 0, 0, 0, 0, 0, 0, 0, 0, 0, 0, 0, 0, 0, 0, 0, 0, 0, 0, 0, 0, 0, 0, 0, 0, 0, 0, 0, 0, 0, 0, 0, 0, 0, 0, 0, 0, 0, 0, 0, 0, 0, 0, 0, 0, 0, 0, 0, 0, 0, 0, 0, 0, 0, 0, 0, 0, 0, 0, 0, 0, 0, 0, 0, 0, 0, 0, 0, 0, 0, 0, 0, 0, 0, 0, 0, 0, 0, 0, 0], "Collision_P": [0, 0, 0, 0, 0, 0, 0, 0, 0, 0, 0, 0, 0, 0, 0, 0, 0, 0, 0, 0, 0, 0, 0, 0, 0, 0, 0, 0, 0, 0, 0, 0, 0.030303030303030304, 0.05263157894736842, 0.21621621621621623, 0.3076923076923077, 0.4117647058823529, 0.5897435897435898, 0.7045454545454546, 0.8470588235294118, 0.8297872340425532, 0.7623762376237624, 0.7130434782608696, 0.6637931034482759, 0.6896551724137931, 0.6451612903225806, 0.6171875, 0.6, 0.656, 0.6583333333333333, 0.6116504854368932, 0.4235294117647059, 0, 0, 0, 0, 0, 0, 0, 0, 0, 0, 0, 0, 0, 0, 0, 0, 0, 0, 0, 0, 0, 0, 0, 0, 0, 0, 0, 0, 0, 0, 0, 0.016129032258064516, 0.07407407407407407, 0.2857142857142857, 0.48717948717948717, 0.673469387755102, 0.6842105263157895, 0.7384615384615385, 0.2191780821917808, 0.038461538461538464, 0, 0, 0, 0], "T_T_Collision": [31.0, 31.0, 31.0, 31.0, 31.0, 31.0, 31.0, 31.0, 31.0, 31.0, 31.0, 31.0, 31.0, 31.0, 31.0, 31.0, 31.0, 31.0, 31.0, 31.0, 31.0, 31.0, 31.0, 31.0, 31.0, 31.0, 31.0, 31.0, 31.0, 31.0, 31.0, 31.0, 5.519999980926514, 4.570000171661377, 3.4600000381469727, 2.509999990463257, 1.559999942779541, 0.60999995470047, -0.34000006318092346, -0.4099999964237213, -0.5099999308586121, -0.22999997437000275, -0.5099999308586121, -0.580000102519989, -0.580000102519989, -0.580000102519989, -0.580000102519989, -0.580000102519989, -0.5099999308586121, -0.5099999308586121, -0.5099999308586121, -0.4399999976158142, 31.0, 31.0, 31.0, 31.0, 31.0, 31.0, 31.0, 31.0, 31.0, 31.0, 31.0, 31.0, 31.0, 31.0, 31.0, 31.0, 31.0, 31.0, 31.0, 31.0, 31.0, 31.0, 31.0, 31.0, 31.0, 31.0, 31.0, 31.0, 31.0, 31.0, 31.0, 5.630000114440918, 4.679999828338623, 3.320000171661377, 2.370000123977661, 1.4200000762939453, 0.47000008821487427, -0.47999992966651917, -0.580000102519989, -0.37000006437301636, 31.0, 31.0, 31.0, 31.0], "Distance_V2P": [40.56471191270152, 40.56371635938254, 40.56371635938254, 40.56371635938254, 40.56371635938254, 40.56371635938254, 40.56483490393662, 40.56483490393662, 40.56483490393662, 40.56483490393662, 40.56483490393662, 40.56483490393662, 40.5658823792264, 40.5658823792264, 40.5658823792264, 40.5658823792264, 40.5671209019529, 40.568228520307365, 40.568228520307365, 40.568228520307365, 40.568228520307365, 40.568228520307365, 40.568228520307365, 40.568228520307365, 40.568228520307365, 39.72081401883715, 35.880374219078185, 32.231601147709775, 28.55582995161372, 24.89070305954182, 20.894223529828313, 16.795219523238693, 14.012609296179416, 11.43020559377696, 9.251564304491902, 7.079880924237326, 5.547029596647013, 4.277581250371292, 4.277581250371292, 4.277581250371292, 4.277581250371292, 4.277581250371292, 4.277581250371292, 4.277581250371292, 4.277581250371292, 4.277581250371292, 4.277581250371292, 4.255428683448338, 4.052326468863794, 3.8408734847534562, 5.232347904366096, 6.641930170874467, 8.136950850761362, 6.746019258715941, 6.187456208266298, 8.645517091151788, 12.130324112225484, 15.869307753108455, 17.94598230595449, 19.233331774711946, 21.14826682561719, 23.418919153327952, 26.628137356850132, 29.640815865559933, 33.141070129391366, 36.54613374157798, 39.91888008433857, 43.685154797055226, 47.478116218134964, 51.304995681446165, 54.52579376440823, 55.98021943703083, 55.28393952238458, 53.794350408399865, 50.77187117691241, 46.73547463587947, 42.983609355423326, 38.7220389185678, 34.80639646949117, 30.929914520141743, 27.384108207969796, 23.004672470017315, 19.16792000035048, 14.702078980032633, 11.791498526182608, 9.049853507949384, 6.741333021821971, 4.746418859451212, 3.1030391524660352, 1.9902660208154195, 1.6556056349388273, 2.833848023474384, 4.559261933879585, 9.655070507899211, 14.147127324667045, 17.191810242154588], "Adv_speed": [0.0, 0.0, 0.0, 0.0, 0.0, 0.0, 0.0, 0.0, 0.0, 0.0, 0.0, 0.0, 0.0, 0.0, 0.0, 0.0, 0.0, 0.0, 0.0, 0.0, 0.0, 0.0, 0.0, 0.0, 0.0, 0.0, 0.0, 0.0, 0.0, 0.0, 0.0, 0.0, 0.0, 0.0, 0.0, 0.0, 0.0, 0.0, 0.0, 0.0, 0.0, 0.0, 0.0, 0.0, 0.0, 0.0, 0.0, 0.0, 0.0, 0.0, 0.0, 0.0, 0.0, 0.0, 0.0, 0.0, 0.0, 0.0, 0.0, 0.0, 0.0, 0.0, 0.0, 0.0, 0.0, 0.0, 0.0, 0.0, 0.0, 0.0, 0.0, 0.0, 0.0, 0.0, 0.0, 0.0, 0.0, 0.0, 0.0, 0.0, 0.0, 0.0, 0.0, 0.0, 0.0, 0.0, 0.0, 0.0, 0.0, 0.0, 0.0, 0.0, 0.0, 0.0, 0.0, 0.0], "Rot_speed": []}