{"Brake_P": [0, 0, 0, 0, 0, 0, 0, 0, 0, 0, 0, 0, 0, 0, 0, 0, 0, 0, 0, 0, 0, 0, 0, 0, 0, 0, 0, 0, 0, 0, 0, 0, 0, 0, 0, 0, 0, 0, 0, 0, 0, 0, 0, 0, 0, 0, 0, 0, 0, 0, 0, 0, 0, 0, 0, 0, 0, 0, 0, 0, 0, 0, 0, 0, 0, 0, 0, 0, 0, 0, 0, 0, 0, 0, 0, 0, 0, 0, 0, 0, 0], "Collision_P": [0.5046728971962616, 0.5046728971962616, 0.5046728971962616, 0.5046728971962616, 0.5046728971962616, 0.5046728971962616, 0.5046728971962616, 0.5046728971962616, 0.5046728971962616, 0.5046728971962616, 0.5046728971962616, 0.5046728971962616, 0.5046728971962616, 0.5046728971962616, 0.5046728971962616, 0.5046728971962616, 0.5046728971962616, 0.5046728971962616, 0.5046728971962616, 0.5046728971962616, 0.5046728971962616, 0.5046728971962616, 0.5046728971962616, 0.5046728971962616, 0.5046728971962616, 0.5046728971962616, 0.5046728971962616, 0.5046728971962616, 0.5046728971962616, 0.5046728971962616, 0.5046728971962616, 0.5046728971962616, 0.5046728971962616, 0.5046728971962616, 0.5046728971962616, 0.5046728971962616, 0.5046728971962616, 0.5046728971962616, 0.5046728971962616, 0.5046728971962616, 0.5046728971962616, 0.5046728971962616, 0.5046728971962616, 0.5046728971962616, 0.5046728971962616, 0.5046728971962616, 0.5046728971962616, 0.5046728971962616, 0.5046728971962616, 0.5046728971962616, 0.5046728971962616, 0.5046728971962616, 0.5046728971962616, 0.5046728971962616, 0.5046728971962616, 1.0, 0.3333333333333333, 1.0, 0, 0.4, 0, 0, 0, 0, 0, 0, 0.045454545454545456, 0.09090909090909091, 0.2222222222222222, 0.3958333333333333, 0.5178571428571429, 0.6617647058823529, 0.6075949367088608, 0.35365853658536583, 0.18072289156626506, 0.09433962264150944, 0.03571428571428571, 0.017543859649122806, 0, 0, 0], "T_T_Collision": [-0.580000102519989, -0.580000102519989, -0.580000102519989, -0.580000102519989, -0.580000102519989, -0.580000102519989, -0.580000102519989, -0.580000102519989, -0.580000102519989, -0.580000102519989, -0.580000102519989, -0.580000102519989, -0.580000102519989, -0.580000102519989, -0.580000102519989, -0.580000102519989, -0.580000102519989, -0.580000102519989, -0.580000102519989, -0.580000102519989, -0.580000102519989, -0.580000102519989, -0.580000102519989, -0.580000102519989, -0.580000102519989, -0.580000102519989, -0.580000102519989, -0.580000102519989, -0.580000102519989, -0.580000102519989, -0.580000102519989, -0.580000102519989, -0.580000102519989, -0.580000102519989, -0.580000102519989, -0.580000102519989, -0.580000102519989, -0.580000102519989, -0.580000102519989, -0.580000102519989, -0.580000102519989, -0.580000102519989, -0.580000102519989, -0.580000102519989, -0.580000102519989, -0.580000102519989, -0.580000102519989, -0.580000102519989, -0.580000102519989, -0.580000102519989, -0.580000102519989, -0.580000102519989, -0.580000102519989, -0.580000102519989, -0.580000102519989, 4.860000133514404, 3.9100000858306885, 2.9600000381469727, 31.0, 4.510000228881836, 31.0, 31.0, 31.0, 31.0, 31.0, 31.0, 5.210000038146973, 4.259999752044678, 3.25, 2.299999952316284, 1.3499999046325684, -0.5500000715255737, -0.580000102519989, -0.40000009536743164, -0.580000102519989, -0.5099999308586121, -0.2699998915195465, -0.5200001001358032, 31.0, 31.0, 31.0], "Distance_V2P": [19.531304685028644, 19.574815326810683, 19.620715533512644, 19.668947853665912, 19.713768363452836, 19.760740115518626, 19.808133010425983, 19.85812468646117, 19.90216135425783, 19.95390091345716, 20.00108693431498, 20.04651490940539, 20.04651490940539, 20.047548737759687, 20.047548737759687, 20.04865895904279, 20.04963483997602, 20.04963483997602, 20.050663516957822, 20.05165738918113, 20.05165738918113, 37.64017903957439, 31.885720482821267, 31.885720482821267, 31.885720482821267, 31.885720482821267, 31.885720482821267, 32.28476003337461, 33.60524929641302, 35.01462860177484, 36.2846163732455, 37.901566204210255, 39.693463887518135, 41.01416465082569, 42.44811237366651, 44.34923918747103, 46.11508443045396, 47.566934361830064, 48.90351953107528, 50.29212821737856, 50.779227927928616, 50.83206405157002, 50.83206405157002, 50.83206405157002, 50.84122104490929, 50.785892212674185, 50.587109614063756, 50.390064860729616, 50.180570417857176, 49.990063923622046, 49.816125063061996, 41.86392670721153, 6.615425414393219, 8.508254230791161, 10.505565042020182, 12.334670243537888, 8.85204390976488, 7.823947381317357, 7.6273051015776625, 46.77770930762064, 39.00948987376436, 34.87033545753765, 31.026129294166466, 27.186312430784653, 23.209654924088735, 18.946685834959844, 14.921865302197116, 12.01233223564154, 9.392093618863099, 6.801297077000149, 4.721477049525779, 3.278799347396127, 2.4167360363598105, 1.3918209484525175, 1.9554453987572045, 3.3299654730958093, 5.202330264644014, 6.926404133805802, 9.23258146905816, 15.01056516835288, 20.60689737300475], "Adv_speed": [0.07763609313964843, 0.07763609313964843, 0.07763609313964843, 0.07763609313964843, 0.07763609313964843, 0.07763609313964843, 0.07763609313964843, 0.07763609313964843, 0.07763609313964843, 0.07763609313964843, 0.07763609313964843, 0.07763609313964843, 0.07763609313964843, 0.07763609313964843, 0.07763609313964843, 0.07763609313964843, 0.07763609313964843, 0.07763609313964843, 0.07763609313964843, 0.07763609313964843, 0.07763609313964843, 0.07763609313964843, 0.07763609313964843, 0.07763609313964843, 0.07763609313964843, 0.07763609313964843, 0.07763609313964843, 0.07763609313964843, 0.07763609313964843, 0.07763609313964843, 0.07763609313964843, 0.07763609313964843, 0.07763609313964843, 0.07763609313964843, 0.07763609313964843, 0.07763609313964843, 0.07763609313964843, 0.07763609313964843, 0.07763609313964843, 0.07763609313964843, 0.07763609313964843, 0.07763609313964843, 0.07763609313964843, 0.07763609313964843, 0.07763609313964843, 0.07763609313964843, 0.07763609313964843, 0.07763609313964843, 0.07763609313964843, 0.07763609313964843, 0.07763609313964843, 0.07763609313964843, 0.07763609313964843, 0.07763609313964843, 0.07763609313964843, 0.07763609313964843, 0.07763609313964843, 0.07763609313964843, 0.07763609313964843, 0.07763609313964843, 0.07763609313964843, 0.07763609313964843, 0.07763609313964843, 0.07763609313964843, 0.07763609313964843, 0.07763609313964843, 0.07763609313964843, 0.07763609313964843, 0.07763609313964843, 0.07763609313964843, 0.07763609313964843, 0.07763609313964843, 0.07763609313964843, 0.07763609313964843, 0.07763609313964843, 0.07763609313964843, 0.07763609313964843, 0.07763609313964843, 0.07763609313964843, 0.07763609313964843, 0.07763609313964843], "Rot_speed": []}