{"Brake_P": [0.4652777777777778, 0.4, 0.3767123287671233, 0.34507042253521125, 0.4028776978417266, 0.41007194244604317, 0.42857142857142855, 0.4, 0.38095238095238093, 0.3404255319148936, 0.31724137931034485, 0.2482758620689655, 0.2152777777777778, 0.2246376811594203, 0.20422535211267606], "Collision_P": [0.037037037037037035, 0.037037037037037035, 0.037037037037037035, 0.037037037037037035, 0.037037037037037035, 0.037037037037037035, 0.037037037037037035, 0.037037037037037035, 0.037037037037037035, 0.037037037037037035, 0.037037037037037035, 0.037037037037037035, 0.037037037037037035, 0.037037037037037035, 0.037037037037037035], "T_T_Collision": [4.079999923706055, 4.079999923706055, 4.079999923706055, 4.079999923706055, 4.079999923706055, 4.079999923706055, 4.079999923706055, 4.079999923706055, 4.079999923706055, 4.079999923706055, 4.079999923706055, 4.079999923706055, 4.079999923706055, 4.079999923706055, 4.079999923706055], "Distance_V2P": [54.89289857164453, 55.66411179106487, 56.191440723760714, 56.42686802165029, 56.44085774043088, 56.33079088995732, 56.17845767219489, 55.97898993086641, 55.66539467463034, 54.93975376017657, 54.07973518705414, 53.03524701536161, 52.0100277489299, 51.010310910909624, 49.94328474675617], "Adv_speed": [], "Rot_speed": []}