{"Brake_P": [0.1111111111111111, 0.1111111111111111, 0.1111111111111111, 0.1111111111111111, 0.1111111111111111, 0.1111111111111111, 0.1111111111111111, 0.1111111111111111, 0.1111111111111111, 0, 0.075, 0.575, 0.4166666666666667, 0.42, 0.391304347826087, 0.4496124031007752, 0.42142857142857143, 0.4295774647887324, 0.37681159420289856, 0.46099290780141844, 0.44366197183098594, 0.4861111111111111, 0.4647887323943662, 0.4316546762589928, 0.45774647887323944, 0.4861111111111111, 0.54421768707483, 0.5428571428571428, 0.6099290780141844, 0.5524475524475524, 0.5886524822695035, 0.574468085106383, 0.5774647887323944, 0.475177304964539, 0.5107913669064749, 0.5579710144927537, 0.5103448275862069, 0.4896551724137931, 0.4507042253521127, 0.3888888888888889, 0.34965034965034963], "Collision_P": [0.037037037037037035, 0.037037037037037035, 0.037037037037037035, 0.037037037037037035, 0.037037037037037035, 0.037037037037037035, 0.037037037037037035, 0.037037037037037035, 0.037037037037037035, 0.037037037037037035, 0.037037037037037035, 0.037037037037037035, 0.037037037037037035, 0.037037037037037035, 0.037037037037037035, 0.037037037037037035, 0.037037037037037035, 0.037037037037037035, 0.037037037037037035, 0.037037037037037035, 0.037037037037037035, 0.037037037037037035, 0.037037037037037035, 0.037037037037037035, 0.037037037037037035, 0.037037037037037035, 0.037037037037037035, 0.037037037037037035, 0.037037037037037035, 0.037037037037037035, 0.037037037037037035, 0.037037037037037035, 0.037037037037037035, 0.037037037037037035, 0.037037037037037035, 0.037037037037037035, 0.037037037037037035, 0.037037037037037035, 0.037037037037037035, 0.037037037037037035, 0.037037037037037035], "T_T_Collision": [