{"Brake_P": [0, 0, 0, 0, 0, 0, 0, 0, 0, 0, 0, 0, 0, 0, 0, 0, 0, 0, 0, 0, 0, 0, 0, 0, 0, 0, 0, 0, 0, 0, 0, 0, 0, 0, 0, 0, 0, 0, 0, 0, 0, 0, 0, 0, 0, 0, 0, 0, 0, 0, 0, 0, 0, 0, 0, 0, 0, 0, 0, 0, 0, 0, 0, 0, 0, 0, 0, 0, 0, 0, 0, 0, 0, 0, 0, 0, 0, 0, 0, 0, 0, 0, 0, 0, 0, 0, 0, 0, 0, 0, 0], "Collision_P": [0, 0, 0, 0, 0, 0, 0, 0, 0, 0, 0, 0, 0, 0, 0, 0, 0, 0, 0, 0, 0, 0, 0, 0, 0, 0, 0, 0, 0, 0, 0, 0, 0, 0, 0, 0, 0, 0, 0, 0, 0, 0, 0, 0, 0, 0, 0, 0, 0, 0, 0, 0, 0, 0, 0, 0, 0, 0, 0, 0, 0, 0, 0, 0, 0, 0, 0, 0, 0, 0, 0, 0, 0, 0, 0, 0, 0, 0, 0, 0, 0, 0, 0, 0, 0, 0, 0, 0, 0, 0, 0], "T_T_Collision": [31.0, 31.0, 31.0, 31.0, 31.0, 31.0, 31.0, 31.0, 31.0, 31.0, 31.0, 31.0, 31.0, 31.0, 31.0, 31.0, 31.0, 31.0, 31.0, 31.0, 31.0, 31.0, 31.0, 31.0, 31.0, 31.0, 31.0, 31.0, 31.0, 31.0, 31.0, 31.0, 31.0, 31.0, 31.0, 31.0, 31.0, 31.0, 31.0, 31.0, 31.0, 31.0, 31.0, 31.0, 31.0, 31.0, 31.0, 31.0, 31.0, 31.0, 31.0, 31.0, 31.0, 31.0, 31.0, 31.0, 31.0, 31.0, 31.0, 31.0, 31.0, 31.0, 31.0, 31.0, 31.0, 31.0, 31.0, 31.0, 31.0, 31.0, 31.0, 31.0, 31.0, 31.0, 31.0, 31.0, 31.0, 31.0, 31.0, 31.0, 31.0, 31.0, 31.0, 31.0, 31.0, 31.0, 31.0, 31.0, 31.0, 31.0, 31.0], "Distance_V2P": [70, 70, 70, 52.01572688227222, 53.135343757274434, 54.18641929503981, 55.35125452909333, 56.40118989049679, 57.49694176703057, 58.63812713677262, 59.68656869181793, 60.756573231327756, 61.75996082455894, 62.42076966242163, 61.66670052802432, 59.036022578780624, 57.22281810543769, 55.76948818986989, 54.71894257142775, 51.56136633474145, 48.0013888110003, 44.20791679939288, 40.48717438366227, 36.41523740696738, 32.92641856287942, 29.374678846203288, 26.12107078800787, 22.007186256540983, 18.374071451068442, 14.412581755761014, 10.85216544543441, 7.4681214693118445, 5.086018703179543, 6.537789401302066, 9.829469901583987, 13.097073787388405, 15.933855636689035, 17.45027159652574, 18.561943329008134, 21.1671164725696, 24.413797240700756, 27.613064984843938, 30.792800465760685, 34.27077394932917, 37.61206885892722, 41.67181650416085, 44.844975314623134, 48.64920814011502, 51.956234425438204, 55.215198404451826, 56.98212957173205, 56.64256057256337, 55.67985225882236, 53.259332648509066, 49.89062526738094, 46.65146718817947, 43.1066340507186, 38.98358038047865, 35.320414451359376, 31.56757983789287, 27.8637793569509, 23.5523700251994, 19.913975793066786, 15.993509497338552, 12.551165534381397, 8.690743401961672, 5.80478484509603, 5.47121580129949, 7.421718201315011, 10.616574239180707, 14.095700468038276, 16.367753865726684, 17.82876725695514, 19.93443802327699, 22.551588126594314, 25.454997570511427, 28.19941617680237, 31.803355237663098, 35.07936136845123, 38.09269316186943, 41.689856101512554, 44.58586315991645, 48.17324781974732, 51.32155485858076, 54.61713938500382, 56.29114791689581, 57.035209057246654, 56.70331343160176, 55.47987929038219, 52.92098742273946, 49.15143025235203], "Adv_speed": [], "Rot_speed": []}