{"Brake_P": [0, 0, 0, 0, 0, 0, 0, 0, 0, 0, 0, 0, 0, 0, 0, 0, 0, 0, 0, 0, 0, 0, 0, 0, 0, 0, 0, 0, 0, 0, 0, 0, 0, 0, 0, 0, 0, 0, 0, 0, 0, 0, 0, 0, 0, 0, 0, 0, 0, 0, 0, 0, 0, 0, 0, 0, 0, 0, 0, 0, 0, 0, 0, 0.016129032258064516, 0.014705882352941176, 0, 0, 0, 0, 0, 0, 0, 0, 0, 0, 0, 0, 0, 0, 0, 0, 0, 0.007142857142857143, 0.0763888888888889, 0.15492957746478872, 0.2638888888888889, 0.4027777777777778, 0.5342465753424658, 0.6575342465753424, 0.6474820143884892, 0.8041958041958042, 0.8333333333333334, 0.8531468531468531, 0.8716216216216216, 0.87248322147651, 0.8807947019867549, 0.8561643835616438, 0.7132867132867133, 0.5514705882352942, 0.3786407766990291, 0.32142857142857145, 0.12307692307692308, 0.06666666666666667, 0.05952380952380952, 0.054945054945054944], "Collision_P": [0, 0, 0, 0, 0, 0, 0, 0, 0, 0, 0, 0, 0, 0, 0, 0, 0, 0, 0, 0, 0, 0, 0, 0, 0, 0, 0, 0, 0, 0, 0, 0, 0, 0, 0, 0, 0, 0, 0, 0, 0, 0, 0, 0, 0, 0, 0, 0, 0, 0, 0, 0, 0, 0, 0, 0, 0, 0, 0, 0, 0, 0, 0, 0, 0, 0, 0, 0, 0, 0, 0, 0, 0, 0, 0, 0, 0, 0, 0, 0, 0, 0.0975609756097561, 0.17857142857142858, 0.1736111111111111, 0.176056338028169, 0.1875, 0.16666666666666666, 0.15753424657534246, 0.0547945205479452, 0.15827338129496402, 0.13286713286713286, 0.125, 0.013986013986013986, 0.006756756756756757, 0, 0, 0.0547945205479452, 0.13286713286713286, 0.15441176470588236, 0.08737864077669903, 0, 0, 0, 0, 0], "T_T_Collision": [31.0, 31.0, 31.0, 31.0, 31.0, 31.0, 31.0, 31.0, 31.0, 31.0, 31.0, 31.0, 31.0, 31.0, 31.0, 31.0, 31.0, 31.0, 31.0, 31.0, 31.0, 31.0, 31.0, 31.0, 31.0, 31.0, 31.0, 31.0, 31.0, 31.0, 31.0, 31.0, 31.0, 31.0, 31.0, 31.0, 31.0, 31.0, 31.0, 31.0, 31.0, 31.0, 31.0, 31.0, 31.0, 31.0, 31.0, 31.0, 31.0, 31.0, 31.0, 31.0, 31.0, 31.0, 31.0, 31.0, 31.0, 31.0, 31.0, 31.0, 31.0, 31.0, 31.0, 31.0, 31.0, 31.0, 31.0, 31.0, 31.0, 31.0, 31.0, 31.0, 31.0, 31.0, 31.0, 31.0, 31.0, 31.0, 31.0, 31.0, 31.0, 6.820000171661377, 4.539999961853027, 3.5900001525878906, 2.640000104904175, 1.6900001764297485, 0.7400001287460327, -0.20999984443187714, -0.5999999046325684, 0.5199999809265137, 0.36999988555908203, -0.580000102519989, -0.47999992966651917, 1.2299998998641968, 31.0, 31.0, 3.180000066757202, 1.9199999570846558, 0.9699999690055847, -0.4099999964237213, 31.0, 31.0, 31.0, 31.0, 31.0], "Distance_V2P": [32.2324554466148, 32.23370494797831, 32.23370494797831, 32.23370494797831, 32.23370494797831, 32.23212155301599, 32.23212155301599, 32.23212155301599, 32.23212155301599, 32.23212155301599, 32.23212155301599, 32.23335327366345, 32.23335327366345, 32.23261881055782, 32.2348906590486, 32.2348906590486, 32.2348906590486, 32.2348906590486, 32.23591498209324, 32.23591498209324, 32.236810056337255, 32.236810056337255, 32.236810056337255, 32.23710297233732, 32.23710297233732, 32.23710297233732, 32.23710297233732, 32.23710297233732, 32.23710297233732, 32.23710297233732, 32.237826014433566, 32.237826014433566, 32.23900555067799, 32.240217129296695, 32.240217129296695, 32.240217129296695, 32.24144202828948, 32.24144202828948, 32.24325374607884, 32.24325374607884, 32.24325374607884, 32.24325374607884, 32.24325374607884, 32.245253740575485, 32.245253740575485, 32.245253740575485, 32.245253740575485, 32.245253740575485, 32.245253740575485, 32.245253740575485, 32.245253740575485, 32.246325610561975, 32.24737721651296, 32.24737721651296, 32.24737721651296, 32.248704995162875, 32.248704995162875, 32.277668987252035, 35.32579161009851, 38.060111468759594, 41.25882834874196, 42.32123579897227, 43.5947157964172, 45.065429039700874, 48.129811412909454, 51.10340214950903, 52.9930566479484, 53.50918665886512, 52.36194389630671, 51.25733286730105, 48.81666199399843, 45.869856348773276, 42.4701155366345, 39.410446296248196, 36.15246928425197, 32.28439558903522, 29.016565799656636, 25.653039614810606, 22.56139416604349, 19.009832730297113, 15.958836497955998, 13.73466293469396, 12.402894364354696, 11.326245936044172, 10.352870870337403, 9.733760094867097, 9.307917596667933, 9.16812663856667, 9.047298185288554, 8.88183894578551, 8.576892345404382, 8.43078827058005, 8.25753162400643, 8.089539301045807, 7.079576260983487, 4.75490124619972, 3.034110043861103, 2.480560609601249, 2.1242971633547874, 3.0820902943791983, 3.466973597192617, 4.191508561025598, 6.925108345998919, 9.50826350547143, 11.894186923780495], "Adv_speed": [], "Rot_speed": []}