{"Brake_P": [0, 0, 0, 0, 0, 0, 0, 0, 0, 0, 0, 0, 0, 0, 0, 0, 0, 0, 0, 0, 0, 0, 0, 0, 0, 0, 0, 0, 0, 0, 0, 0, 0, 0, 0, 0, 0, 0, 0, 0, 0, 0, 0, 0, 0, 0, 0, 0, 0.08633093525179857, 0.20714285714285716, 0.34285714285714286, 0.46258503401360546, 0.6, 0.7446808510638298, 0.8380281690140845, 0.795774647887324, 0.6986301369863014, 0.6111111111111112, 0.6095890410958904, 0.6304347826086957, 0.6857142857142857, 0.7112676056338029, 0.8175182481751825, 0.7027027027027027, 0.847457627118644, 0.8958333333333334, 1.0, 0.9615384615384616, 0.9777777777777777, 0.625, 0.2727272727272727, 0.14285714285714285, 0.08433734939759036, 0.061224489795918366, 0.043859649122807015, 0, 0, 0], "Collision_P": [0, 0, 0, 0, 0, 0, 0, 0, 0, 0, 0, 0, 0, 0, 0, 0, 0, 0, 0, 0, 0, 0, 0, 0, 0, 0, 0, 0, 0, 0, 0, 0, 0, 0, 0, 0, 0, 0, 0, 0, 0, 0, 0, 0, 0, 0.04195804195804196, 0.1510791366906475, 0.14685314685314685, 0.1510791366906475, 0.15, 0.15, 0.1360544217687075, 0.08275862068965517, 0, 0, 0.13380281690140844, 0.2534246575342466, 0.4722222222222222, 0.5136986301369864, 0.5217391304347826, 0.4928571428571429, 0.45774647887323944, 0.46715328467153283, 0.5765765765765766, 0.5254237288135594, 0.2708333333333333, 0.14285714285714285, 0, 0, 0, 0, 0, 0, 0, 0, 0, 0, 0], "T_T_Collision": [31.0, 31.0, 31.0, 31.0, 31.0, 31.0, 31.0, 31.0, 31.0, 31.0, 31.0, 31.0, 31.0, 31.0, 31.0, 31.0, 31.0, 31.0, 31.0, 31.0, 31.0, 31.0, 31.0, 31.0, 31.0, 31.0, 31.0, 31.0, 31.0, 31.0, 31.0, 31.0, 31.0, 31.0, 31.0, 31.0, 31.0, 31.0, 31.0, 31.0, 31.0, 31.0, 31.0, 31.0, 31.0, 7.380000114440918, 5.980000019073486, 5.029999732971191, 3.129999876022339, 2.179999828338623, 1.2299998998641968, 0.27999991178512573, -0.5999999046325684, 31.0, 31.0, 3.4600000381469727, 2.509999990463257, 0.60999995470047, -0.34000006318092346, -0.47999992966651917, -0.5200001001358032, -0.4099999964237213, -0.4399999976158142, -0.5200001001358032, -0.4399999976158142, -0.4700000286102295, -0.3299999237060547, 31.0, 31.0, 31.0, 31.0, 31.0, 31.0, 31.0, 31.0, 31.0, 31.0, 31.0], "Distance_V2P": [27.200126516820998, 27.199180558314012, 27.199180558314012, 27.198273223340607, 27.197259975928638, 27.197259975928638, 27.19656750443526, 27.195520630056514, 27.195520630056514, 27.194551648204385, 27.193711878285605, 27.193711878285605, 27.192858973906997, 27.192858973906997, 27.19194821731783, 27.190893410803024, 27.190893410803024, 27.18991203264369, 27.188872252571272, 27.188872252571272, 27.187955193910256, 27.186987810617882, 27.186987810617882, 27.185913032622597, 27.184842175435513, 27.184842175435513, 27.183814690932756, 27.18283665303424, 27.18283665303424, 32.19228976595333, 33.69033414523833, 33.68927710421282, 33.763977738375225, 35.37533191531827, 35.37533191531827, 35.37429528697069, 35.373268738277176, 35.372130115047696, 35.372130115047696, 35.37108082104857, 32.50039266190872, 29.18762794661888, 25.760840526183266, 22.00871624872399, 18.846910486002365, 16.02025414542294, 14.643942722124265, 13.273550006915707, 12.234878252721213, 11.35659200951284, 10.784422345289572, 10.501816369516549, 10.389596851681926, 9.132776544485488, 6.730375780535623, 5.065560216527703, 4.262956103306488, 3.8058284819747668, 3.579724107200842, 3.4837465428142886, 3.335403380133538, 3.1897370070509043, 2.9285118855933225, 2.2405359835576477, 1.709555365638674, 2.296099583909878, 3.8520152275296438, 5.641265711684595, 8.157329806882329, 10.813169670507676, 13.827687464902407, 16.408386091433947, 18.96342207927992, 20.77515425405795, 21.591558398188372, 21.904285371505857, 22.041222205386283, 20.731291486986287], "Adv_speed": [], "Rot_speed": []}