{"Brake_P": [0, 0, 0, 0, 0, 0, 0, 0, 0, 0, 0, 0, 0, 0, 0, 0, 0, 0, 0, 0, 0, 0, 0, 0, 0, 0, 0, 0, 0, 0, 0, 0, 0, 0, 0, 0, 0, 0, 0, 0, 0, 0, 0, 0, 0, 0, 0, 0, 0, 0, 0, 0, 0, 0, 0, 0, 0, 0.1346153846153846, 0.43636363636363634, 0.3287671232876712, 0.2891566265060241, 0.18571428571428572, 0.11538461538461539, 0.06976744186046512, 0.04040404040404041, 0.034482758620689655, 0, 0, 0, 0, 0, 0, 0, 0, 0, 0, 0, 0, 0, 0, 0, 0, 0, 0, 0, 0, 0, 0, 0, 0, 0, 0.03571428571428571, 0, 0, 0, 0, 0, 0, 0, 0, 0, 0, 0, 0, 0, 0, 0, 0, 0, 0.26666666666666666, 0.21052631578947367, 0.10465116279069768, 0.07216494845360824, 0.03773584905660377, 0.030303030303030304, 0, 0, 0], "Collision_P": [0, 0, 0, 0, 0, 0, 0, 0, 0, 0, 0, 0, 0, 0, 0, 0, 0, 0, 0, 0, 0, 0, 0, 0, 0, 0, 0, 0, 0, 0, 0, 0, 0, 0, 0, 0, 0, 0, 0, 0, 0, 0, 0, 0, 0, 0, 0, 0, 0, 0, 0, 0, 0, 0, 0, 0.13333333333333333, 0.06060606060606061, 0, 0, 0, 0, 0, 0, 0, 0, 0, 0, 0, 0, 0, 0, 0, 0, 0, 0, 0, 0, 0, 0, 0, 0, 0, 0, 0, 0, 0, 0, 0, 0, 0, 0, 0, 0, 0, 0, 0, 0, 0, 0, 0, 0, 0, 0, 0, 0, 0, 0.015625, 0.017241379310344827, 0, 0, 0, 0, 0, 0, 0, 0, 0, 0], "T_T_Collision": [31.0, 31.0, 31.0, 31.0, 31.0, 31.0, 31.0, 31.0, 31.0, 31.0, 31.0, 31.0, 31.0, 31.0, 31.0, 31.0, 31.0, 31.0, 31.0, 31.0, 31.0, 31.0, 31.0, 31.0, 31.0, 31.0, 31.0, 31.0, 31.0, 31.0, 31.0, 31.0, 31.0, 31.0, 31.0, 31.0, 31.0, 31.0, 31.0, 31.0, 31.0, 31.0, 31.0, 31.0, 31.0, 31.0, 31.0, 31.0, 31.0, 31.0, 31.0, 31.0, 31.0, 31.0, 31.0, 7.240000247955322, 6.289999961853027, 31.0, 31.0, 31.0, 31.0, 31.0, 31.0, 31.0, 31.0, 31.0, 31.0, 31.0, 31.0, 31.0, 31.0, 31.0, 31.0, 31.0, 31.0, 31.0, 31.0, 31.0, 31.0, 31.0, 31.0, 31.0, 31.0, 31.0, 31.0, 31.0, 31.0, 31.0, 31.0, 31.0, 31.0, 31.0, 31.0, 31.0, 31.0, 31.0, 31.0, 31.0, 31.0, 31.0, 31.0, 31.0, 31.0, 31.0, 31.0, 31.0, 6.680000305175781, 5.730000019073486, 31.0, 31.0, 31.0, 31.0, 31.0, 31.0, 31.0, 31.0, 31.0, 31.0], "Distance_V2P": [40.56814967585487, 40.56814967585487, 40.56814967585487, 40.56814967585487, 40.56714556613126, 40.56714556613126, 40.56714556613126, 40.56714556613126, 40.56714556613126, 40.56714556613126, 40.56714556613126, 40.56714556613126, 40.56714556613126, 40.56714556613126, 40.56714556613126, 40.56819503679415, 40.56819503679415, 40.56819503679415, 40.56819503679415, 40.56819503679415, 40.56819503679415, 40.56819503679415, 40.56819503679415, 40.56819503679415, 40.56819503679415, 40.56819503679415, 40.56819503679415, 40.56924467324819, 40.56924467324819, 40.56924467324819, 40.56992277138469, 40.56992277138469, 40.56992277138469, 40.56992277138469, 40.56992277138469, 40.56992277138469, 40.56992277138469, 40.56925709498698, 40.56925709498698, 40.56821807784727, 40.56821807784727, 40.56821807784727, 40.569233694252745, 40.569233694252745, 37.344220680715125, 34.66798108972498, 31.84964866729979, 29.21493125356382, 26.955212379260686, 24.650520560970385, 22.268667185287473, 19.216145765792046, 16.517162829608374, 13.883336975975618, 11.528517526493408, 9.610777215626332, 8.231360409838546, 7.347453850631923, 5.987251507596475, 5.933328756482049, 5.933328756482049, 5.933328756482049, 5.933328756482049, 5.933328756482049, 5.933328756482049, 5.933328756482049, 5.933328756482049, 5.933328756482049, 5.933328756482049, 5.933328756482049, 5.874225832471428, 5.355579746128621, 6.182504450767374, 8.072010488708305, 9.140790340438352, 9.49608050752172, 9.996143716591474, 10.81353541564081, 13.484558225384083, 17.684902120042995, 21.22236519328611, 24.4130914253814, 27.719033269912003, 30.835479291454735, 34.520971793209526, 38.1444313070048, 41.16298832963293, 44.18837436424842, 46.61052205820812, 48.874055928331494, 50.302379011749004, 51.97582281314934, 53.05104448025715, 52.93317244659554, 52.17447072423927, 49.74794699049986, 46.799123925011806, 43.497160322647154, 40.085670543616786, 37.14976695197763, 33.27531493076216, 29.839075715631772, 26.581801741297937, 23.48712840876401, 20.816546827499465, 17.71772966005052, 15.305524027014622, 14.347952462945393, 13.241106879859235, 11.054188734156938, 9.002108354821898, 7.040891133361463, 6.349701552498334, 7.080821910586758, 9.620659824596698, 14.043089782806524, 17.164917669724467, 19.326434574109896], "Adv_speed": [], "Rot_speed": []}