{"Brake_P": [0, 0, 0, 0, 0, 0, 0, 0, 0, 0, 0, 0, 0, 0, 0, 0, 0, 0, 0, 0, 0, 0, 0, 0, 0, 0, 0, 0, 0, 0, 0, 0, 0, 0, 0, 0, 0, 0, 0, 0, 0, 0, 0, 0, 0, 0, 0, 0, 0, 0, 0, 0, 0, 0, 0, 0, 0, 0], "Collision_P": [0, 0, 0, 0, 0, 0, 0, 0, 0, 0, 0, 0, 0, 0, 0, 0, 0, 0, 0, 0, 0, 0, 0, 0, 0, 0, 0, 0, 0, 0, 0, 0, 0, 0, 0, 0, 0, 0, 0, 0, 0, 0, 0.012048192771084338, 0.03636363636363636, 0.13333333333333333, 0.2903225806451613, 0.4222222222222222, 0.4642857142857143, 0.578125, 0.48, 0.3333333333333333, 0.03076923076923077, 0, 0, 0, 0, 0, 0], "T_T_Collision": [31.0, 31.0, 31.0, 31.0, 31.0, 31.0, 31.0, 31.0, 31.0, 31.0, 31.0, 31.0, 31.0, 31.0, 31.0, 31.0, 31.0, 31.0, 31.0, 31.0, 31.0, 31.0, 31.0, 31.0, 31.0, 31.0, 31.0, 31.0, 31.0, 31.0, 31.0, 31.0, 31.0, 31.0, 31.0, 31.0, 31.0, 31.0, 31.0, 31.0, 31.0, 31.0, 7.309999942779541, 4.090000152587891, 3.140000104904175, 2.190000057220459, 1.2400000095367432, 0.2900000512599945, -0.2699998915195465, -0.1600000411272049, -0.5099999308586121, 0.1500001847743988, 31.0, 31.0, 31.0, 31.0, 31.0, 31.0], "Distance_V2P": [50.27419445386637, 50.27419445386637, 50.27475738114304, 50.27475738114304, 50.27475738114304, 50.2757827120698, 50.2757827120698, 50.2757827120698, 50.27609471009933, 50.27609471009933, 50.27681075444614, 50.27681075444614, 50.27681075444614, 50.27787612945668, 50.27787612945668, 50.27787612945668, 50.2788874648017, 50.2788874648017, 50.27962964632358, 50.27962964632358, 50.280063015892864, 50.280063015892864, 50.2810388193564, 50.2810388193564, 50.28196086458845, 50.28196086458845, 50.28301770295444, 50.28301770295444, 50.284002911866594, 50.284002911866594, 50.284002911866594, 49.81904268113592, 46.994306695564305, 43.33299369798044, 39.78091161174659, 36.506775731941936, 33.83070112099034, 30.511805508516844, 26.993805863759707, 23.698400302122664, 20.19867733140232, 17.53873177991914, 14.347739702679439, 12.201749627090924, 10.285820855902875, 8.304784166936528, 6.452870639415388, 4.988919016463321, 3.7285203113248535, 2.402250842678349, 1.5448856771471176, 1.7147887178764192, 2.7438586982102717, 6.472760887455623, 10.639385999116392, 14.494365089008962, 18.593051893852838, 20.278004235671492], "Adv_speed": [], "Rot_speed": []}