{"Brake_P": [0, 0, 0, 0, 0, 0, 0, 0, 0, 0, 0, 0, 0, 0, 0, 0, 0, 0, 0, 0, 0, 0, 0, 0, 0, 0, 0, 0, 0, 0, 0, 0, 0, 0, 0, 0, 0, 0, 0, 0, 0, 0, 0, 0, 0, 0, 0, 0, 0, 0, 0, 0, 0, 0, 0, 0, 0, 0, 0, 0, 0, 0, 0, 0, 0, 0, 0, 0, 0, 0, 0, 0, 0, 0, 0, 0, 0, 0, 0, 0, 0, 0, 0, 0, 0, 0, 0, 0, 0, 0, 0, 0, 0, 0, 0, 0, 0, 0, 0, 0], "Collision_P": [0, 0, 0, 0, 0, 0, 0, 0, 0, 0, 0, 0, 0, 0, 0, 0, 0, 0, 0, 0, 0, 0, 0, 0, 0, 0, 0, 0, 0, 0, 0, 0, 0, 0, 0, 0, 0, 0, 0, 0, 0, 0, 0, 0, 0, 0, 0, 0, 0, 0, 0, 0, 0, 0, 0, 0, 0, 0, 0, 0, 0, 0, 0, 0, 0, 0, 0, 0, 0, 0, 0, 0, 0, 0, 0, 0, 0, 0, 0, 0, 0, 0, 0, 0, 0, 0, 0, 0, 0, 0, 0, 0, 0, 0, 0, 0, 0, 0, 0, 0], "T_T_Collision": [31.0, 31.0, 31.0, 31.0, 31.0, 31.0, 31.0, 31.0, 31.0, 31.0, 31.0, 31.0, 31.0, 31.0, 31.0, 31.0, 31.0, 31.0, 31.0, 31.0, 31.0, 31.0, 31.0, 31.0, 31.0, 31.0, 31.0, 31.0, 31.0, 31.0, 31.0, 31.0, 31.0, 31.0, 31.0, 31.0, 31.0, 31.0, 31.0, 31.0, 31.0, 31.0, 31.0, 31.0, 31.0, 31.0, 31.0, 31.0, 31.0, 31.0, 31.0, 31.0, 31.0, 31.0, 31.0, 31.0, 31.0, 31.0, 31.0, 31.0, 31.0, 31.0, 31.0, 31.0, 31.0, 31.0, 31.0, 31.0, 31.0, 31.0, 31.0, 31.0, 31.0, 31.0, 31.0, 31.0, 31.0, 31.0, 31.0, 31.0, 31.0, 31.0, 31.0, 31.0, 31.0, 31.0, 31.0, 31.0, 31.0, 31.0, 31.0, 31.0, 31.0, 31.0, 31.0, 31.0, 31.0, 31.0, 31.0, 31.0], "Distance_V2P": [57.78421954507002, 57.78421954507002, 57.78507729824818, 57.785922468394, 57.786779799106064, 57.786779799106064, 57.78765336205999, 57.78852597822968, 57.78941959122406, 57.78941959122406, 57.79033470805268, 57.79113572000594, 57.79113572000594, 57.792013515109666, 57.79286916561135, 57.79286916561135, 57.7937161339373, 57.79452880693051, 57.795389847632194, 57.795389847632194, 57.79632710662467, 57.79720231736506, 57.79756281600176, 57.79756281600176, 57.79857622903643, 57.799528739320785, 57.800124682942915, 57.800124682942915, 57.80087640438301, 57.801764657680316, 57.801764657680316, 57.802416497502584, 57.80335230740844, 57.80335230740844, 57.803878260118125, 57.80395331731491, 57.80395331731491, 57.8046924005775, 57.80558049182971, 57.80643915362593, 57.80643915362593, 57.80700811198768, 57.80791198826565, 57.80872106602137, 57.80872106602137, 57.80959088650389, 57.81027305516527, 57.81109771516269, 57.81109771516269, 57.81179698698234, 57.81266616098672, 57.8135289387864, 57.8135289387864, 57.814198147315444, 57.815017406245374, 57.8158854461937, 57.816528493700304, 57.816528493700304, 57.817267315802404, 57.818145180738576, 57.818145180738576, 57.819021818833455, 57.819852709270315, 57.819852709270315, 57.82039302835643, 57.82129084756989, 57.82206725836252, 57.82266157264063, 57.82266157264063, 57.82353288676206, 57.8244155167907, 57.82506082932789, 57.82506082932789, 57.82594647319223, 57.8266720619432, 57.8266720619432, 57.827393796675175, 57.8282186070452, 57.82896577043862, 57.82896577043862, 57.829876964254716, 57.83069726625188, 57.831299191749125, 57.831299191749125, 57.83200207094276, 57.832905555688804, 57.833704890481975, 57.833704890481975, 57.83439100078688, 57.83488090827468, 57.8353737449052, 57.8353737449052, 57.836222370057634, 57.83691058559033, 57.837653890547124, 57.837653890547124, 57.838338168821814, 57.83879817790001, 57.83879817790001, 57.83975042752964]}
