{"Brake_P": [0, 0, 0, 0, 0, 0, 0, 0, 0, 0, 0, 0, 0, 0, 0, 0, 0, 0, 0, 0, 0, 0, 0, 0, 0, 0, 0, 0, 0, 0, 0, 0, 0.14084507042253522, 0.1388888888888889, 0.13793103448275862, 0.14492753623188406, 0.14184397163120568, 0.07746478873239436, 0.07801418439716312, 0, 0, 0, 0, 0, 0, 0, 0, 0, 0, 0, 0], "Collision_P": [0, 0, 0, 0, 0, 0, 0, 0, 0, 0, 0, 0, 0, 0, 0, 0, 0, 0, 0, 0, 0, 0, 0, 0, 0, 0, 0, 0, 0, 0, 0, 0, 0, 0, 0, 0, 0, 0, 0, 0, 0, 0, 0, 0, 0, 0, 0, 0, 0, 0, 0], "T_T_Collision": [31.0, 31.0, 31.0, 31.0, 31.0, 31.0, 31.0, 31.0, 31.0, 31.0, 31.0, 31.0, 31.0, 31.0, 31.0, 31.0, 31.0, 31.0, 31.0, 31.0, 31.0, 31.0, 31.0, 31.0, 31.0, 31.0, 31.0, 31.0, 31.0, 31.0, 31.0, 31.0, 31.0, 31.0, 31.0, 31.0, 31.0, 31.0, 31.0, 31.0, 31.0, 31.0, 31.0, 31.0, 31.0, 31.0, 31.0, 31.0, 31.0, 31.0, 31.0], "Distance_V2P": [39.781566369685734, 39.781566369685734, 39.781566369685734, 39.781566369685734, 39.781566369685734, 39.781426080850316, 39.781426080850316, 39.781426080850316, 39.7824675497571, 39.7824675497571, 39.781700523949034, 39.781700523949034, 39.781700523949034, 39.781700523949034, 39.781700523949034, 39.78269596534786, 39.78269596534786, 39.78269596534786, 39.783807086862375, 39.78486440707452, 39.78486440707452, 39.78569134468917, 39.78569134468917, 39.78569134468917, 39.78569134468917, 39.78569134468917, 39.78569134468917, 39.78569134468917, 39.78569134468917, 39.78569134468917, 39.78684630940649, 38.52048485969799, 35.24134674207036, 32.375057452155325, 29.207160920227054, 26.088953585623106, 22.59093727211024, 19.492186431261416, 16.03570780384699, 13.035628431343103, 9.617962940256712, 6.979893163724791, 6.450793837224473, 8.156956711958586, 11.111838136027766, 14.604479516842954, 16.96086797879738, 18.691242192978784, 19.9131926761315, 21.92251085170176, 24.18707471114724]}
