{"Brake_P": [0, 0, 0, 0, 0, 0, 0, 0, 0, 0, 0, 0, 0, 0, 0.014492753623188406, 0.014705882352941176, 0.014285714285714285, 0.013888888888888888, 0.013888888888888888, 0.0070921985815602835, 0.006896551724137931, 0, 0, 0, 0, 0, 0, 0, 0, 0, 0, 0, 0, 0, 0, 0, 0, 0, 0, 0, 0, 0, 0, 0, 0, 0, 0, 0, 0, 0, 0, 0, 0, 0, 0, 0, 0, 0, 0, 0, 0, 0, 0, 0, 0, 0, 0, 0, 0, 0, 0, 0, 0, 0, 0.05405405405405406, 0.05517241379310345, 0.05517241379310345, 0.05555555555555555, 0.04861111111111111, 0.028169014084507043, 0.027972027972027972, 0, 0, 0, 0, 0.0072992700729927005, 0.13768115942028986, 0.2765957446808511, 0.4, 0.5342465753424658, 0.6598639455782312, 0.7622950819672131, 0.9342105263157895, 0.813953488372093, 0.8571428571428571, 0.9454545454545454, 0.676923076923077, 0.36507936507936506, 0.325, 0.09090909090909091, 0.02127659574468085, 0, 0, 0, 0], "Collision_P": [0, 0, 0, 0, 0, 0, 0, 0, 0, 0, 0, 0, 0, 0, 0, 0, 0, 0, 0, 0, 0, 0, 0, 0, 0, 0, 0, 0, 0, 0, 0, 0, 0, 0, 0, 0, 0, 0, 0, 0, 0, 0, 0, 0, 0, 0, 0, 0, 0, 0, 0, 0, 0, 0, 0, 0, 0, 0, 0, 0, 0, 0, 0, 0, 0, 0, 0, 0, 0, 0, 0, 0, 0, 0, 0, 0, 0, 0, 0, 0, 0, 0, 0.0273972602739726, 0.0851063829787234, 0.09154929577464789, 0.0948905109489051, 0.09420289855072464, 0.0851063829787234, 0.06896551724137931, 0.0410958904109589, 0.006802721088435374, 0.00819672131147541, 0.013157894736842105, 0.09302325581395349, 0.07142857142857142, 0.03636363636363636, 0, 0, 0, 0, 0, 0, 0, 0, 0], "T_T_Collision": [31.0, 31.0, 31.0, 31.0, 31.0, 31.0, 31.0, 31.0, 31.0, 31.0, 31.0, 31.0, 31.0, 31.0, 31.0, 31.0, 31.0, 31.0, 31.0, 31.0, 31.0, 31.0, 31.0, 31.0, 31.0, 31.0, 31.0, 31.0, 31.0, 31.0, 31.0, 31.0, 31.0, 31.0, 31.0, 31.0, 31.0, 31.0, 31.0, 31.0, 31.0, 31.0, 31.0, 31.0, 31.0, 31.0, 31.0, 31.0, 31.0, 31.0, 31.0, 31.0, 31.0, 31.0, 31.0, 31.0, 31.0, 31.0, 31.0, 31.0, 31.0, 31.0, 31.0, 31.0, 31.0, 31.0, 31.0, 31.0, 31.0, 31.0, 31.0, 31.0, 31.0, 31.0, 31.0, 31.0, 31.0, 31.0, 31.0, 31.0, 31.0, 31.0, 7.03000020980835, 6.050000190734863, 5.099999904632568, 3.200000047683716, 2.25, 1.3000000715255737, 0.3500000834465027, -0.5999999046325684, 5.269999980926514, 4.320000171661377, 3.369999885559082, 1.78000009059906, -0.11999988555908203, 0.11999993026256561, 31.0, 31.0, 31.0, 31.0, 31.0, 31.0, 31.0, 31.0, 31.0], "Distance_V2P": [17.08076535243351, 19.16361138615322, 21.23893253857218, 23.669815614741935, 26.395410013593857, 29.084104379805, 31.81115747264, 34.091922716642095, 35.91030354242409, 36.08580249027341, 35.32394351463797, 34.52302742212171, 32.117696140328555, 30.451219327464, 30.451219327464, 30.451219327464, 30.451219327464, 30.451219327464, 30.452385654018702, 30.45339856539832, 30.45339856539832, 30.45339856539832, 30.454448326081145, 30.45429958170075, 30.45429958170075, 30.45429958170075, 30.454147230276917, 30.454157973012922, 30.454157973012922, 30.455188188587552, 30.455188188587552, 30.454238972829636, 30.454238972829636, 30.454341508504353, 30.454341508504353, 30.454341508504353, 30.454341508504353, 30.454848614866332, 30.454848614866332, 30.45442113438795, 30.45442113438795, 30.454756956170947, 30.454756956170947, 30.45487444079919, 30.45487444079919, 30.454834590568336, 30.454834590568336, 30.454834590568336, 30.455857943377723, 30.455857943377723, 30.455857943377723, 30.456908777790066, 30.456908777790066, 30.45725468692364, 30.45725468692364, 30.457625893395935, 36.120118062770715, 37.58514832067775, 37.58475142210189, 37.584343439658404, 37.584343439658404, 37.58403213992613, 37.58403213992613, 37.58365796281018, 37.58336869300512, 37.58336869300512, 37.582617601790766, 37.58231224435786, 37.58231224435786, 37.58233011074381, 37.58176900458719, 37.58176900458719, 37.581304948258754, 36.599920758611596, 35.457731018721496, 34.79153818723553, 33.73007565204556, 30.957746747615822, 27.752720905761496, 24.322408965784387, 21.0987092985369, 17.60899324409923, 15.030451319375475, 13.592612071775537, 12.205990021360595, 11.197702374081423, 10.28212996551758, 9.723969191325391, 9.370975076718153, 9.25367928527466, 7.787394197508667, 5.485166259909928, 3.5993996289578565, 1.9445869250600998, 1.6232256134307002, 2.371551512116922, 3.6394217956209887, 7.915088685016121, 12.717034065655481, 17.3955772716012, 21.197193514018068, 24.37045094850257, 28.307432534833254, 31.304690929202703, 34.089463201607586]}
