{"Brake_P": [0, 0, 0, 0, 0, 0, 0, 0, 0, 0, 0, 0, 0, 0, 0, 0, 0.05442176870748299, 0.05517241379310345, 0.05673758865248227, 0.0547945205479452, 0.04310344827586207, 0.03333333333333333, 0, 0, 0, 0, 0, 0, 0, 0, 0, 0.41304347826086957, 0.5301204819277109, 0.7108433734939759, 0.8275862068965517, 0.9, 0.8214285714285714, 0.3333333333333333, 0.6, 0.2826086956521739, 0.028985507246376812, 0, 0, 0, 0, 0, 0, 0, 0, 0, 0, 0, 0, 0, 0, 0, 0, 0, 0, 0, 0.1, 0.034482758620689655, 0, 0.01639344262295082, 0.012345679012345678, 0.009900990099009901, 0.008547008547008548, 0.0070921985815602835, 0.008, 0, 0, 0, 0, 0, 0, 0, 0, 0, 0, 0, 0.29411764705882354, 0.47058823529411764, 0.6344086021505376, 0.79, 0.78, 0.9722222222222222, 1.0, 0.6, 0.6206896551724138, 0.40625, 0.27586206896551724], "Collision_P": [0, 0, 0, 0, 0, 0, 0, 0, 0, 0, 0, 0, 0, 0, 0, 0, 0, 0, 0, 0, 0, 0, 0, 0, 0, 0, 0, 0, 0.017241379310344827, 0.12698412698412698, 0.1774193548387097, 0.20652173913043478, 0.1927710843373494, 0.060240963855421686, 0.25287356321839083, 0.3, 0.05357142857142857, 0, 0, 0, 0, 0, 0, 0, 0, 0, 0, 0, 0, 0, 0, 0, 0, 0, 0, 0, 0, 0, 0, 0, 0, 0, 0, 0, 0, 0, 0, 0, 0, 0, 0, 0, 0, 0, 0, 0, 0, 0.02702702702702703, 0.09090909090909091, 0.1282051282051282, 0.2647058823529412, 0.24705882352941178, 0.24731182795698925, 0.29, 0.28, 0.2777777777777778, 0.024390243902439025, 0, 0, 0, 0], "T_T_Collision": [31.0, 31.0, 31.0, 31.0, 31.0, 31.0, 31.0, 31.0, 31.0, 31.0, 31.0, 31.0, 31.0, 31.0, 31.0, 31.0, 31.0, 31.0, 31.0, 31.0, 31.0, 31.0, 31.0, 31.0, 31.0, 31.0, 31.0, 31.0, 5.490000247955322, 3.25, 2.299999952316284, 0.3999999165534973, -0.5500000715255737, 0.8199999928474426, 0.029999995604157448, -0.2800000309944153, -0.5699999928474426, 31.0, 31.0, 31.0, 31.0, 31.0, 31.0, 31.0, 31.0, 31.0, 31.0, 31.0, 31.0, 31.0, 31.0, 31.0, 31.0, 31.0, 31.0, 31.0, 31.0, 31.0, 31.0, 31.0, 31.0, 31.0, 31.0, 31.0, 31.0, 31.0, 31.0, 31.0, 31.0, 31.0, 31.0, 31.0, 31.0, 31.0, 31.0, 31.0, 31.0, 4.720000267028809, 3.7700002193450928, 2.820000171661377, 1.8700001239776611, 0.9200001955032349, -0.029999827966094017, 1.7599998712539673, 0.7599999308586121, -0.029999827966094017, 1.339999794960022, 31.0, 31.0, 31.0, 31.0], "Distance_V2P": [62.512014593071015, 62.511486934967856, 62.51084574157955, 62.50943934908484, 62.50855672754201, 62.50786092003902, 62.50682578610858, 62.5062433522803, 62.505524501008125, 62.504731092910994, 62.50421507349017, 62.50312855535014, 62.50237432654926, 62.50169119363947, 62.50107815682932, 61.05129199342405, 58.06058848263383, 54.608028233025316, 51.7137892756207, 47.79674551436343, 43.752817152423624, 39.592421884599425, 34.88902794822756, 30.401852364355932, 25.73385907483816, 21.257214851248683, 16.809998392577466, 12.104148007015237, 8.553416210350973, 6.055157598579053, 4.550724913701349, 3.2407438518148344, 2.2153599543996063, 1.269474809972125, 1.5197783126644224, 2.6839442810046847, 4.232959561241204, 6.342471495072683, 9.308900850364077, 12.02940161681072, 14.890917810338717, 17.100589097515183, 18.258878130554137, 18.454969499862997, 18.09362462585744, 16.908047130901096, 15.34724541891059, 14.247122714759438, 14.650824731606884, 16.54234646571427, 19.209890022909967, 22.460516793410598, 26.060256941181223, 29.643550998304214, 33.40452095708394, 37.77965085770737, 41.84208571688832, 46.59290653830216, 49.331492742845796, 51.583455387808, 54.61759623283052, 56.54991346474969, 58.39544648900588, 60.00827218292047, 59.774875770550516, 59.13487235678035, 57.36783678007167, 54.35183204140486, 50.14492737053866, 45.33535468419918, 41.26648536379276, 36.60663552204032, 32.45637138557925, 27.720546687977237, 23.82025873536887, 19.231589867719933, 15.240042198145144, 10.805134283675834, 8.782026038864814, 7.3876357752453155, 5.939846761468449, 4.6677073178399535, 4.36415618617384, 3.823622288673607, 2.3783187380645923, 1.4671798273551162, 1.7282158385150468, 3.2465565271652994, 6.757978676802614, 11.31905147216649, 14.647832481142295]}
