{"Brake_P": [0.0425531914893617, 0.04316546762589928, 0.014492753623188406, 0.007246376811594203, 0, 0, 0, 0, 0.007194244604316547, 0.0072992700729927005, 0.0072992700729927005, 0.007352941176470588, 0.007246376811594203, 0.0072992700729927005, 0.007352941176470588, 0, 0, 0, 0, 0, 0, 0, 0, 0, 0, 0, 0, 0, 0, 0, 0, 0, 0, 0, 0, 0, 0, 0, 0, 0, 0, 0, 0, 0, 0, 0, 0, 0, 0, 0, 0, 0, 0, 0, 0], "Collision_P": [0.3191489361702128, 0.34532374100719426, 0.34782608695652173, 0.35507246376811596, 0.373134328358209, 0.37410071942446044, 0.39416058394160586, 0.38461538461538464, 0.35251798561151076, 0.35766423357664234, 0.3722627737226277, 0.2647058823529412, 0.14492753623188406, 0.12408759124087591, 0.0661764705882353, 0.050359712230215826, 0.03676470588235294, 0.029411764705882353, 0.014285714285714285, 0, 0, 0, 0, 0, 0, 0, 0, 0, 0, 0, 0, 0, 0, 0, 0, 0, 0, 0.015625, 0.13157894736842105, 0.2894736842105263, 0.42857142857142855, 0.532258064516129, 0.5753424657534246, 0.5952380952380952, 0.6162790697674418, 0.6144578313253012, 0.4625, 0.2878787878787879, 0.07936507936507936, 0.02666666666666667, 0, 0, 0, 0, 0], "T_T_Collision": [-0.5399999618530273, -0.4700000286102295, -0.5399999618530273, -0.5399999618530273, -0.5399999618530273, -0.5399999618530273, -0.5399999618530273, -0.5399999618530273, -0.5399999618530273, -0.5399999618530273, -0.5399999618530273, -0.5399999618530273, 0.5099999904632568, -0.4399999976158142, -0.47999992966651917, -0.23999986052513123, -0.06999997794628143, 0.03000020980834961, 2.630000114440918, 31.0, 31.0, 31.0, 31.0, 31.0, 31.0, 31.0, 31.0, 31.0, 31.0, 31.0, 31.0, 31.0, 31.0, 31.0, 31.0, 31.0, 31.0, 6.539999961853027, 5.28000020980835, 4.090000152587891, 3.140000104904175, 2.190000057220459, 1.2400000095367432, 0.2900000512599945, -0.5200001001358032, -0.4499998986721039, -0.5500000715255737, -0.19000005722045898, -0.580000102519989, 0.47999995946884155, 31.0, 31.0, 31.0, 31.0, 31.0], "Distance_V2P": [0.40841774505263323, 0.40685074289560436, 0.4063235955465374, 0.40635078131778074, 0.40681397101352895, 0.4065512488706185, 0.4068108575189684, 0.40638913746804073, 0.40560241860424745, 8.372909886016593, 24.280248499072357, 24.123612764337995, 24.29430833469652, 24.129704726037044, 23.960898539560922, 23.902179948552558, 23.9010892993758, 23.9010892993758, 23.9010892993758, 51.318371815984854, 53.236666062881916, 51.08626016195302, 49.193640281485344, 48.10017224195405, 48.703939071337295, 49.59914012325724, 50.942540493539894, 51.19880225077889, 51.19086517457972, 51.190989448760675, 49.37800461279255, 45.53042618379826, 41.45172353236304, 37.71105193438901, 33.498663048666764, 30.214808136189756, 26.463826944630878, 22.150064234349497, 18.535876365111086, 16.25089591545769, 13.560658120789144, 11.177796697822183, 9.00794742129976, 7.197636349052701, 5.449108104653883, 4.062789119047075, 2.5615390771071787, 1.443056571492787, 2.0293859176287, 3.449944633090826, 5.736307488050033, 9.600739328153828, 15.500698418368778, 21.150310436082417, 26.034828550861235], "Adv_speed": [0.07241329193115234, 0.06322726440429688, 0.07241329193115234, 0.07241329193115234, 0.07241329193115234, 0.07241329193115234, 0.07241329193115234, 0.07241329193115234, 0.07241329193115234, 0.07241329193115234, 0.07241329193115234, 0.07241329193115234, 0.06848358917236329, 0.059272350311279295, 0.06454315948486328, 0.0, 0.0, 0.0, 0.0, 0.0, 0.0, 0.0, 0.0, 0.0, 0.0, 0.0, 0.0, 0.0, 0.0, 0.0, 1.5, 1.5, 1.5, 1.5, 1.5, 1.5, 1.5, 0.6761682739257813, 0.5753466796875, 0.46882162475585937, 0.37503738403320314, 0.2727236022949219, 0.16110447692871094, 0.03933370208740234, 0.06979474639892579, 0.06059181594848633, 0.05530652236938476, 0.02588832473754883, 0.07763609313964843, 0.06454315948486328, 1.5, 1.5, 1.5, 1.5, 1.4959710693359376]}
